{"!": 1, " ": 2, "\"": 3, "#": 4, "%": 5, "M": 6, "R": 7, "T": 8, "O": 9, "V": 10, "Y": 11, "Q": 12, "J": 13, "H": 14, "[": 15, "K": 16, "A": 17, "$": 18, "F": 19, "W": 20, "X": 21, "L": 22, "]": 23, "C": 24, "<": 25, "P": 26, "`": 27, "U": 28, "^": 29, "Z": 30, "&": 31, "\\": 32, ">": 33, "S": 34, "E": 35, "b": 36, "5": 37, "N": 38, "*": 39, "(": 40, "D": 41, "I": 42, "G": 43, "a": 44, "'": 45, "0": 46, "=": 47, "e": 48, "6": 49, "B": 50, ":": 51, "_": 52, "c": 53, "@": 54, "2": 55, ".": 56, ",": 57, "9": 58, "d": 59, "?": 60, "q": 61, "8": 62, "-": 63, "j": 64, "}": 65, "+": 66, ";": 67, "g": 68, "7": 69, ")": 70, "3": 71, "4": 72, "i": 73, "m": 74, "f": 75, "h": 76, "1": 77, "x": 78, "/": 79, "v": 80, "l": 81, "n": 82, "t": 83, "y": 84, "k": 85, "p": 86, "o": 87, "r": 88, "w": 89, "u": 90, "s": 91, "~": 92, "z": 93, "|": 94, "{": 95}