{"!": 1, " ": 2, "\"": 3, "#": 4, "$": 5, "&": 6, "^": 7, "%": 8, "Y": 9, "[": 10, "R": 11, "T": 12, "W": 13, "M": 14, "O": 15, "H": 16, "K": 17, "`": 18, "P": 19, "\\": 20, "b": 21, "F": 22, "V": 23, "]": 24, "J": 25, "N": 26, "c": 27, "U": 28, "X": 29, "I": 30, "D": 31, "B": 32, "Z": 33, "A": 34, "~": 35, "C": 36, "e": 37, "(": 38, "|": 39, "'": 40, "?": 41, "Q": 42, "L": 43, ")": 44, "S": 45, ".": 46, "E": 47, "5": 48, "a": 49, "<": 50, ":": 51, "{": 52, "_": 53, "G": 54, "*": 55, "@": 56, ",": 57, "+": 58, "h": 59, "n": 60, "=": 61, "0": 62, ">": 63, "j": 64, "d": 65, "2": 66, "w": 67, "r": 68, "m": 69, "8": 70, "6": 71, "x": 72, "3": 73, "-": 74, "g": 75, "1": 76, "u": 77, "f": 78, "t": 79, "l": 80, "7": 81, "k": 82, "o": 83, "p": 84, "i": 85, "s": 86, ";": 87, "/": 88, "9": 89, "q": 90, "4": 91, "y": 92, "}": 93, "v": 94, "z": 95}