{"!": 1, "\"": 2, " ": 3, "#": 4, "M": 5, "R": 6, "O": 7, "K": 8, "P": 9, "N": 10, "T": 11, "W": 12, "Y": 13, "^": 14, "V": 15, "Q": 16, "]": 17, "U": 18, "F": 19, "H": 20, "S": 21, "J": 22, "D": 23, "[": 24, "I": 25, "b": 26, "Z": 27, "E": 28, "L": 29, "X": 30, "|": 31, "3": 32, "y": 33, "\\": 34, "_": 35, "`": 36, "A": 37, "h": 38, "G": 39, "=": 40, "C": 41, "c": 42, "a": 43, "<": 44, "%": 45, "?": 46, ">": 47, "$": 48, ":": 49, "-": 50, "e": 51, "{": 52, "B": 53, "1": 54, "d": 55, ",": 56, "f": 57, "4": 58, "j": 59, "g": 60, "*": 61, ".": 62, "8": 63, "@": 64, "5": 65, "7": 66, "0": 67, "&": 68, "'": 69, "i": 70, "}": 71, "(": 72, ";": 73, "k": 74, "6": 75, "s": 76, "l": 77, "m": 78, "x": 79, "t": 80, "+": 81, "/": 82, ")": 83, "9": 84, "o": 85, "n": 86, "2": 87, "q": 88, "p": 89, "r": 90, "z": 91, "v": 92, "u": 93, "w": 94, "~": 95}