{"!": 1, "\"": 2, " ": 3, "#": 4, "`": 5, "X": 6, "$": 7, "=": 8, "^": 9, "S": 10, "m": 11, "Q": 12, "[": 13, "F": 14, "V": 15, "Y": 16, "z": 17, "M": 18, "*": 19, "H": 20, "R": 21, "J": 22, "%": 23, "O": 24, "e": 25, "T": 26, "K": 27, "A": 28, "I": 29, "c": 30, "C": 31, "N": 32, "D": 33, "W": 34, "E": 35, "L": 36, "]": 37, "P": 38, "b": 39, "\\": 40, "U": 41, "G": 42, "u": 43, "h": 44, "Z": 45, "r": 46, "&": 47, ">": 48, "'": 49, ":": 50, "<": 51, "B": 52, "k": 53, "_": 54, "9": 55, "?": 56, "a": 57, "d": 58, "x": 59, "@": 60, ")": 61, "1": 62, "g": 63, "p": 64, "f": 65, "5": 66, "}": 67, "7": 68, "j": 69, "8": 70, "i": 71, ".": 72, "2": 73, "s": 74, "(": 75, "3": 76, "/": 77, "0": 78, ";": 79, "-": 80, ",": 81, "6": 82, "q": 83, "+": 84, "l": 85, "n": 86, "4": 87, "o": 88, "w": 89, "v": 90, "{": 91, "y": 92, "t": 93, "|": 94, "~": 95}