{"!": 1, " ": 2, "\"": 3, "#": 4, "$": 5, "=": 6, "%": 7, "^": 8, "R": 9, "W": 10, "X": 11, "F": 12, "K": 13, "Y": 14, "P": 15, "M": 16, "O": 17, "&": 18, "N": 19, "\\": 20, "[": 21, "J": 22, "I": 23, "Z": 24, "T": 25, "S": 26, "U": 27, "D": 28, "V": 29, "G": 30, "H": 31, "?": 32, ":": 33, "B": 34, "`": 35, "c": 36, "L": 37, "A": 38, "a": 39, "'": 40, "_": 41, "e": 42, "C": 43, "b": 44, "Q": 45, "(": 46, "]": 47, "E": 48, ",": 49, "3": 50, "@": 51, ";": 52, "d": 53, "1": 54, ")": 55, "g": 56, ".": 57, "8": 58, "h": 59, "<": 60, "f": 61, "*": 62, ">": 63, "6": 64, "+": 65, "j": 66, "7": 67, "/": 68, "-": 69, "r": 70, "5": 71, "0": 72, "i": 73, "4": 74, "2": 75, "9": 76, "k": 77, "l": 78, "p": 79, "m": 80, "v": 81, "n": 82, "o": 83, "q": 84, "s": 85, "t": 86, "~": 87, "u": 88, "w": 89, "y": 90, "x": 91, "|": 92, "}": 93, "z": 94, "{": 95}