{"!": 1, " ": 2, "\"": 3, "#": 4, "$": 5, "&": 6, "+": 7, "%": 8, "Y": 9, "T": 10, "R": 11, ")": 12, "W": 13, "V": 14, "M": 15, "O": 16, "[": 17, "F": 18, "H": 19, "Q": 20, "^": 21, "P": 22, "K": 23, "A": 24, "C": 25, "J": 26, "U": 27, "0": 28, "X": 29, "~": 30, "S": 31, "\\": 32, "E": 33, "Z": 34, "D": 35, "]": 36, "'": 37, "I": 38, "N": 39, "`": 40, "L": 41, "?": 42, "G": 43, "B": 44, "<": 45, ">": 46, "(": 47, "@": 48, "j": 49, "*": 50, "=": 51, "a": 52, ":": 53, "l": 54, "_": 55, "b": 56, ".": 57, ",": 58, "e": 59, "-": 60, "3": 61, ";": 62, "8": 63, "c": 64, "g": 65, "h": 66, "m": 67, "q": 68, "5": 69, "/": 70, "7": 71, "9": 72, "o": 73, "d": 74, "1": 75, "6": 76, "2": 77, "f": 78, "4": 79, "k": 80, "i": 81, "v": 82, "p": 83, "t": 84, "r": 85, "w": 86, "n": 87, "s": 88, "z": 89, "x": 90, "y": 91, "u": 92, "{": 93, "|": 94, "}": 95}