{"!": 1, " ": 2, "\"": 3, "#": 4, "$": 5, "X": 6, "`": 7, "%": 8, "T": 9, "S": 10, "O": 11, "R": 12, "^": 13, "[": 14, "=": 15, "Y": 16, "J": 17, "H": 18, "V": 19, "M": 20, "W": 21, "U": 22, "P": 23, "Q": 24, "L": 25, "K": 26, "\\": 27, "]": 28, "N": 29, "Z": 30, "I": 31, "(": 32, "&": 33, "D": 34, "F": 35, "E": 36, "a": 37, "C": 38, "'": 39, "A": 40, "c": 41, "G": 42, "m": 43, "@": 44, "_": 45, "b": 46, "*": 47, "1": 48, ":": 49, "z": 50, "d": 51, "<": 52, ")": 53, "B": 54, "9": 55, "e": 56, "?": 57, ">": 58, "g": 59, "5": 60, "7": 61, ".": 62, "2": 63, "f": 64, "h": 65, "4": 66, "8": 67, ",": 68, "6": 69, "+": 70, "3": 71, "j": 72, "-": 73, "0": 74, ";": 75, "r": 76, "i": 77, "l": 78, "/": 79, "v": 80, "n": 81, "k": 82, "p": 83, "x": 84, "q": 85, "s": 86, "o": 87, "u": 88, "t": 89, "|": 90, "}": 91, "y": 92, "w": 93, "~": 94, "{": 95}