{"!": 1, " ": 2, "\"": 3, "#": 4, "$": 5, "Q": 6, "%": 7, "N": 8, "L": 9, "S": 10, "P": 11, "O": 12, "X": 13, "V": 14, "R": 15, "J": 16, "U": 17, "T": 18, "M": 19, "K": 20, "(": 21, "I": 22, "Z": 23, "&": 24, "H": 25, "G": 26, "W": 27, "E": 28, "]": 29, "[": 30, "_": 31, "F": 32, "\\": 33, "Y": 34, "B": 35, "'": 36, "*": 37, "D": 38, "@": 39, ".": 40, "^": 41, "`": 42, "C": 43, ",": 44, "d": 45, "a": 46, "6": 47, "b": 48, ")": 49, ">": 50, "=": 51, "4": 52, ":": 53, "2": 54, ";": 55, "f": 56, "<": 57, "0": 58, "/": 59, "+": 60, "A": 61, "1": 62, "9": 63, "c": 64, "8": 65, "?": 66, "5": 67, "-": 68, "3": 69, "7": 70, "h": 71, "m": 72, "g": 73, "e": 74, "i": 75, "k": 76, "j": 77, "l": 78, "n": 79, "r": 80, "p": 81, "o": 82, "v": 83, "q": 84, "t": 85, "x": 86, "s": 87, "u": 88, "z": 89, "w": 90, "~": 91, "|": 92, "y": 93, "{": 94, "}": 95}